key,Rank,Taxa,originalName,Kingdom,Phylum,Class,Order,Family,Genus,Species,scientificName,canonicalName,Status,Confidence,Match,Stamp
2406699,SPECIES,Acanthaluteres brownii,Acanthaluteres brownii,Animalia,Chordata,Actinopterygii,Tetraodontiformes,Monacanthidae,Acanthaluteres,Acanthaluteres brownii,"Acanthaluteres brownii (Richardson, 1846)",Acanthaluteres brownii,ACCEPTED,100,EXACT,2019-02-04T16:33:26Z
2406702,SPECIES,Acanthaluteres vittiger,Acanthaluteres vittiger,Animalia,Chordata,Actinopterygii,Tetraodontiformes,Monacanthidae,Acanthaluteres,Acanthaluteres vittiger,"Acanthaluteres vittiger (Castelnau, 1873)",Acanthaluteres vittiger,ACCEPTED,100,EXACT,2019-02-04T16:33:27Z
2383158,SPECIES,Achoerodus gouldii,Achoerodus gouldii,Animalia,Chordata,Actinopterygii,Perciformes,Labridae,Achoerodus,Achoerodus gouldii,"Achoerodus gouldii (Richardson, 1843)",Achoerodus gouldii,ACCEPTED,100,EXACT,2019-02-04T16:33:28Z
204,CLASS,Actinopterygii,Actinopterygii spp.,Animalia,Chordata,Actinopterygii,NA,NA,NA,NA,Actinopterygii,Actinopterygii,ACCEPTED,85,EXACT,2019-02-04T16:33:28Z
1,KINGDOM,Animalia,Aeolidiid spp.,Animalia,NA,NA,NA,NA,NA,NA,Animalia,Animalia,ACCEPTED,99,HIGHERRANK,2019-02-04T16:33:28Z
2337068,SPECIES,Aetapcus maculatus,Aetapcus maculatus,Animalia,Chordata,Actinopterygii,Scorpaeniformes,Pataecidae,Aetapcus,Aetapcus maculatus,"Aetapcus maculatus (Günther, 1861)",Aetapcus maculatus,ACCEPTED,100,EXACT,2019-02-04T16:33:29Z
2274027,SPECIES,Allostichaster polyplax,Allostichaster polyplax,Animalia,Echinodermata,Asteroidea,Forcipulatida,Stichasteridae,Allostichaster,Allostichaster polyplax,"Allostichaster polyplax (Müller & Troschel, 1844)",Allostichaster polyplax,ACCEPTED,100,EXACT,2019-02-04T16:33:29Z
2278902,SPECIES,Amblypneustes elevatus,Amblypneustes elevatus,Animalia,Echinodermata,Echinoidea,Camarodonta,Temnopleuridae,Amblypneustes,Amblypneustes elevatus,"Amblypneustes elevatus (Hutton, 1872)",Amblypneustes elevatus,ACCEPTED,100,EXACT,2019-02-04T16:33:30Z
4875531,SPECIES,Amblypneustes ovum,Amblypneustes ovum,Animalia,Echinodermata,Echinoidea,Camarodonta,Temnopleuridae,Amblypneustes,Amblypneustes ovum,"Amblypneustes ovum (Lamarck, 1816)",Amblypneustes ovum,ACCEPTED,100,EXACT,2019-02-04T16:33:30Z
4875527,SPECIES,Amblypneustes pallidus,Amblypneustes pallidus,Animalia,Echinodermata,Echinoidea,Camarodonta,Temnopleuridae,Amblypneustes,Amblypneustes pallidus,"Amblypneustes pallidus (Lamarck, 1816)",Amblypneustes pallidus,ACCEPTED,100,EXACT,2019-02-04T16:33:31Z
2278901,GENUS,Amblypneustes,Amblypneustes spp.,Animalia,Echinodermata,Echinoidea,Camarodonta,Temnopleuridae,Amblypneustes,NA,"Amblypneustes L.Agassiz, 1841",Amblypneustes,ACCEPTED,85,EXACT,2019-02-04T16:33:31Z
5727591,SPECIES,Amoria undulata,Amoria undulata,Animalia,Mollusca,Gastropoda,Neogastropoda,Volutidae,Amoria,Amoria undulata,"Amoria undulata (Lamarck, 1804)",Amoria undulata,ACCEPTED,100,EXACT,2019-02-04T16:33:32Z
2408014,SPECIES,Anoplocapros amygdaloides,Anoplocapros amygdaloides,Animalia,Chordata,Actinopterygii,Tetraodontiformes,Aracanidae,Anoplocapros,Anoplocapros amygdaloides,"Anoplocapros amygdaloides Fraser-Brunner, 1941",Anoplocapros amygdaloides,ACCEPTED,100,EXACT,2019-02-04T16:33:32Z
2272964,SPECIES,Anthaster valvulatus,Anthaster valvulatus,Animalia,Echinodermata,Asteroidea,Valvatida,Oreasteridae,Anthaster,Anthaster valvulatus,"Anthaster valvulatus (Müller & Troschel, 1843)",Anthaster valvulatus,ACCEPTED,100,EXACT,2019-02-04T16:33:33Z
2336964,SPECIES,Aploactisoma milesii,Aploactisoma milesii,Animalia,Chordata,Actinopterygii,Scorpaeniformes,Aploactinidae,Aploactisoma,Aploactisoma milesii,"Aploactisoma milesii (Richardson, 1850)",Aploactisoma milesii,ACCEPTED,100,EXACT,2019-02-04T16:33:33Z
2394719,SPECIES,Aplodactylus arctidens,Aplodactylus arctidens,Animalia,Chordata,Actinopterygii,Perciformes,Aplodactylidae,Aplodactylus,Aplodactylus arctidens,"Aplodactylus arctidens Richardson, 1839",Aplodactylus arctidens,ACCEPTED,100,EXACT,2019-02-04T16:33:33Z
2408028,SPECIES,Aracana aurita,Aracana aurita,Animalia,Chordata,Actinopterygii,Tetraodontiformes,Aracanidae,Aracana,Aracana aurita,"Aracana aurita (Shaw, 1798)",Aracana aurita,ACCEPTED,100,EXACT,2019-02-04T16:33:34Z
2408032,SPECIES,Aracana ornata,Aracana ornata,Animalia,Chordata,Actinopterygii,Tetraodontiformes,Aracanidae,Aracana,Aracana ornata,"Aracana ornata (Gray, 1838)",Aracana ornata,ACCEPTED,100,EXACT,2019-02-04T16:33:34Z
2380577,SPECIES,Arripis georgianus,Arripis georgianus,Animalia,Chordata,Actinopterygii,Perciformes,Arripidae,Arripis,Arripis georgianus,"Arripis georgianus (Valenciennes, 1831)",Arripis georgianus,ACCEPTED,100,EXACT,2019-02-04T16:33:35Z
2380580,SPECIES,Arripis truttacea,Arripis truttaceus,Animalia,Chordata,Actinopterygii,Perciformes,Arripidae,Arripis,Arripis truttacea,"Arripis truttacea (Cuvier, 1829)",Arripis truttacea,ACCEPTED,97,FUZZY,2019-02-04T16:33:35Z
5859882,SPECIES,Bellastraea aurea,Astralium aureum,Animalia,Mollusca,Gastropoda,Trochida,Turbinidae,Bellastraea,Bellastraea aurea,"Bellastraea aurea (Jonas, 1844)",Bellastraea aurea,ACCEPTED,NA,Synonym,2019-02-04T16:33:36Z
5190312,GENUS,Astralium,Astralium spp.,Animalia,Mollusca,Gastropoda,Trochida,Turbinidae,Astralium,NA,"Astralium Link, 1807",Astralium,ACCEPTED,83,EXACT,2019-02-04T16:33:37Z
6514690,SPECIES,Bellastraea squamifera,Astralium squamiferum,Animalia,Mollusca,Gastropoda,Trochida,Turbinidae,Bellastraea,Bellastraea squamifera,"Bellastraea squamifera (Koch, 1844)",Bellastraea squamifera,ACCEPTED,NA,Synonym,2019-02-04T16:33:37Z
1,KINGDOM,Animalia,Atherinid spp.,Animalia,NA,NA,NA,NA,NA,NA,Animalia,Animalia,ACCEPTED,99,HIGHERRANK,2019-02-04T16:33:38Z
5818819,SPECIES,Australostichopus mollis,Australostichopus mollis,Animalia,Echinodermata,Holothuroidea,Synallactida,Stichopodidae,Australostichopus,Australostichopus mollis,"Australostichopus mollis (Hutton, 1872)",Australostichopus mollis,ACCEPTED,100,EXACT,2019-02-04T16:33:38Z
4646232,SPECIES,Austrodromidia octodentata,Austrodromidia octodentata,Animalia,Arthropoda,Malacostraca,Decapoda,Majidae,Austrodromidia,Austrodromidia octodentata,"Austrodromidia octodentata Haswell, 1882",Austrodromidia octodentata,ACCEPTED,100,EXACT,2019-02-04T16:33:39Z
2383954,SPECIES,Austrolabrus maculatus,Austrolabrus maculatus,Animalia,Chordata,Actinopterygii,Perciformes,Labridae,Austrolabrus,Austrolabrus maculatus,"Austrolabrus maculatus (Macleay, 1881)",Austrolabrus maculatus,ACCEPTED,100,EXACT,2019-02-04T16:33:39Z
4593934,SPECIES,Barbatia pistachia,Barbatia pistachia,Animalia,Mollusca,Bivalvia,Arcida,Arcidae,Barbatia,Barbatia pistachia,"Barbatia pistachia (Lamarck, 1819)",Barbatia pistachia,ACCEPTED,100,EXACT,2019-02-04T16:33:40Z
2377106,SPECIES,Bathygobius krefftii,Bathygobius krefftii,Animalia,Chordata,Actinopterygii,Perciformes,Gobiidae,Bathygobius,Bathygobius krefftii,"Bathygobius krefftii (Steindachner, 1866)",Bathygobius krefftii,ACCEPTED,100,EXACT,2019-02-04T16:33:40Z
9568834,SPECIES,Bathytoshia lata,Bathytoshia lata,Animalia,Chordata,Elasmobranchii,Myliobatiformes,Dasyatidae,Bathytoshia,Bathytoshia lata,"Bathytoshia lata (Garman, 1880)",Bathytoshia lata,ACCEPTED,100,EXACT,2019-02-04T16:33:41Z
1,KINGDOM,Animalia,Blenniid spp.,Animalia,NA,NA,NA,NA,NA,NA,Animalia,Animalia,ACCEPTED,99,HIGHERRANK,2019-02-04T16:33:41Z
2398020,SPECIES,Bovichtus angustifrons,Bovichtus angustifrons,Animalia,Chordata,Actinopterygii,Perciformes,Bovichtidae,Bovichtus,Bovichtus angustifrons,"Bovichtus angustifrons Regan, 1913",Bovichtus angustifrons,ACCEPTED,100,EXACT,2019-02-04T16:33:42Z
2406792,SPECIES,Brachaluteres jacksonianus,Brachaluteres jacksonianus,Animalia,Chordata,Actinopterygii,Tetraodontiformes,Monacanthidae,Brachaluteres,Brachaluteres jacksonianus,"Brachaluteres jacksonianus (Quoy & Gaimard, 1824)",Brachaluteres jacksonianus,ACCEPTED,100,EXACT,2019-02-04T16:33:42Z
1,KINGDOM,Animalia,Brachyura spp.,Animalia,NA,NA,NA,NA,NA,NA,Animalia,Animalia,ACCEPTED,99,HIGHERRANK,2019-02-04T16:33:42Z
2297320,GENUS,Bursatella,Bursatella spp.,Animalia,Mollusca,Gastropoda,Aplysiida,Aplysiidae,Bursatella,NA,"Bursatella Blainville, 1817",Bursatella,ACCEPTED,85,EXACT,2019-02-04T16:33:43Z
2300817,SPECIES,Cabestana spengleri,Cabestana spengleri,Animalia,Mollusca,Gastropoda,Littorinimorpha,Ranellidae,Cabestana,Cabestana spengleri,"Cabestana spengleri (Perry, 1811)",Cabestana spengleri,ACCEPTED,100,EXACT,2019-02-04T16:33:43Z
4613650,SPECIES,Cabestana tabulata,Cabestana tabulata,Animalia,Mollusca,Gastropoda,Littorinimorpha,Ranellidae,Cabestana,Cabestana tabulata,"Cabestana tabulata (Menke, 1843)",Cabestana tabulata,ACCEPTED,100,EXACT,2019-02-04T16:33:44Z
5797677,SPECIES,Cassis fimbriata,Cassis fimbriata,Animalia,Mollusca,Gastropoda,Littorinimorpha,Cassidae,Cassis,Cassis fimbriata,"Cassis fimbriata Quoy & Gaimard, 1833",Cassis fimbriata,ACCEPTED,100,EXACT,2019-02-04T16:33:44Z
4876933,SPECIES,Centrostephanus tenuispinus,Centrostephanus tenuispinus,Animalia,Echinodermata,Echinoidea,Diadematoida,Diadematidae,Centrostephanus,Centrostephanus tenuispinus,"Centrostephanus tenuispinus H.L.Clark, 1914",Centrostephanus tenuispinus,ACCEPTED,100,EXACT,2019-02-04T16:33:45Z
5794856,SPECIES,Ceratosoma amoenum,Ceratosoma amoenum,Animalia,Mollusca,Gastropoda,Nudibranchia,Chromodorididae,Ceratosoma,Ceratosoma amoenum,"Ceratosoma amoenum (Cheeseman, 1886)",Ceratosoma amoenum,ACCEPTED,100,EXACT,2019-02-04T16:33:45Z
5794852,SPECIES,Ceratosoma brevicaudatum,Ceratosoma brevicaudatum,Animalia,Mollusca,Gastropoda,Nudibranchia,Chromodorididae,Ceratosoma,Ceratosoma brevicaudatum,"Ceratosoma brevicaudatum Abraham, 1876",Ceratosoma brevicaudatum,ACCEPTED,100,EXACT,2019-02-04T16:33:46Z
2291928,GENUS,Cerberilla,Cerberilla spp.,Animalia,Mollusca,Gastropoda,Nudibranchia,Aeolidiidae,Cerberilla,NA,"Cerberilla Bergh, 1873",Cerberilla,ACCEPTED,85,EXACT,2019-02-04T16:33:46Z
2392111,SPECIES,Cheilodactylus nigripes,Cheilodactylus nigripes,Animalia,Chordata,Actinopterygii,Perciformes,Cheilodactylidae,Cheilodactylus,Cheilodactylus nigripes,"Cheilodactylus nigripes Richardson, 1850",Cheilodactylus nigripes,ACCEPTED,100,EXACT,2019-02-04T16:33:47Z
2392174,SPECIES,Cheilodactylus spectabilis,Cheilodactylus spectabilis,Animalia,Chordata,Actinopterygii,Perciformes,Cheilodactylidae,Cheilodactylus,Cheilodactylus spectabilis,"Cheilodactylus spectabilis Hutton, 1872",Cheilodactylus spectabilis,ACCEPTED,100,EXACT,2019-02-04T16:33:47Z
2385302,SPECIES,Chelmonops curiosus,Chelmonops curiosus,Animalia,Chordata,Actinopterygii,Perciformes,Chaetodontidae,Chelmonops,Chelmonops curiosus,"Chelmonops curiosus Kuiter, 1986",Chelmonops curiosus,ACCEPTED,100,EXACT,2019-02-04T16:33:48Z
5211522,SPECIES,Chironemus georgianus,Chironemus georgianus,Animalia,Chordata,Actinopterygii,Perciformes,Chironemidae,Chironemus,Chironemus georgianus,"Chironemus georgianus Cuvier, 1829",Chironemus georgianus,ACCEPTED,100,EXACT,2019-02-04T16:33:48Z
5210905,GENUS,Chrysophrys,Chrysophrys auratus,Animalia,Chordata,Actinopterygii,Perciformes,Sparidae,Chrysophrys,NA,"Chrysophrys Quoy & Gaimard, 1824-1826",Chrysophrys,ACCEPTED,95,HIGHERRANK,2019-02-04T16:33:49Z
1,KINGDOM,Animalia,Clinid spp.,Animalia,NA,NA,NA,NA,NA,NA,Animalia,Animalia,ACCEPTED,99,HIGHERRANK,2019-02-04T16:33:49Z
1,KINGDOM,Animalia,Clupeid spp.,Animalia,NA,NA,NA,NA,NA,NA,Animalia,Animalia,ACCEPTED,99,HIGHERRANK,2019-02-04T16:33:50Z
538,ORDER,Clupeiformes,Clupeiformes spp.,Animalia,Chordata,Actinopterygii,Clupeiformes,NA,NA,NA,Clupeiformes,Clupeiformes,ACCEPTED,85,EXACT,2019-02-04T16:33:50Z
2341943,SPECIES,Cnidoglanis macrocephalus,Cnidoglanis macrocephalus,Animalia,Chordata,Actinopterygii,Siluriformes,Plotosidae,Cnidoglanis,Cnidoglanis macrocephalus,"Cnidoglanis macrocephalus (Valenciennes, 1840)",Cnidoglanis macrocephalus,ACCEPTED,100,EXACT,2019-02-04T16:33:51Z
2411236,SPECIES,Cochleoceps bicolor,Cochleoceps bicolor,Animalia,Chordata,Actinopterygii,Gobiesociformes,Gobiesocidae,Cochleoceps,Cochleoceps bicolor,"Cochleoceps bicolor Hutchins, 1991",Cochleoceps bicolor,ACCEPTED,100,EXACT,2019-02-04T16:33:51Z
2274650,GENUS,Comanthus,Comanthus spp.,Animalia,Echinodermata,Crinoidea,Comatulida,Comasteridae,Comanthus,NA,"Comanthus AH Clark, 1908",Comanthus,ACCEPTED,85,EXACT,2019-02-04T16:33:51Z
4340911,SPECIES,Cenolia tasmaniae,Comanthus tasmaniae,Animalia,Echinodermata,Crinoidea,Comatulida,Comasteridae,Cenolia,Cenolia tasmaniae,"Cenolia tasmaniae (AH Clark, 1918)",Cenolia tasmaniae,ACCEPTED,NA,Synonym,2019-02-04T16:33:52Z
2274652,SPECIES,Comanthus trichoptera,Comanthus trichoptera,Animalia,Echinodermata,Crinoidea,Comatulida,Comasteridae,Comanthus,Comanthus trichoptera,"Comanthus trichoptera (Müller, 1846)",Comanthus trichoptera,ACCEPTED,100,EXACT,2019-02-04T16:33:53Z
5795773,SPECIES,Conus anemone,Conus anemone,Animalia,Mollusca,Gastropoda,Neogastropoda,Conidae,Conus,Conus anemone,"Conus anemone Lamarck, 1810",Conus anemone,ACCEPTED,100,EXACT,2019-02-04T16:33:53Z
8334128,SPECIES,Coscinasterias muricata,Coscinasterias muricata,Animalia,Echinodermata,Asteroidea,Forcipulatida,Asteriidae,Coscinasterias,Coscinasterias muricata,"Coscinasterias muricata Verrill, 1867",Coscinasterias muricata,ACCEPTED,100,EXACT,2019-02-04T16:33:54Z
215,CLASS,Crinoidea,Crinoidea spp.,Animalia,Echinodermata,Crinoidea,NA,NA,NA,NA,Crinoidea,Crinoidea,ACCEPTED,85,EXACT,2019-02-04T16:33:54Z
2380288,SPECIES,Cristiceps australis,Cristiceps australis,Animalia,Chordata,Actinopterygii,Perciformes,Clinidae,Cristiceps,Cristiceps australis,"Cristiceps australis Valenciennes, 1836",Cristiceps australis,ACCEPTED,100,EXACT,2019-02-04T16:33:55Z
5210867,SPECIES,Dactylophora nigricans,Dactylophora nigricans,Animalia,Chordata,Actinopterygii,Perciformes,Cheilodactylidae,Dactylophora,Dactylophora nigricans,"Dactylophora nigricans (Richardson, 1850)",Dactylophora nigricans,ACCEPTED,100,EXACT,2019-02-04T16:33:55Z
2304401,SPECIES,Dicathais orbita,Dicathais orbita,Animalia,Mollusca,Gastropoda,Neogastropoda,Muricidae,Dicathais,Dicathais orbita,"Dicathais orbita (Gmelin, 1791)",Dicathais orbita,ACCEPTED,100,EXACT,2019-02-04T16:33:55Z
2394201,SPECIES,Dinolestes lewini,Dinolestes lewini,Animalia,Chordata,Actinopterygii,Perciformes,Dinolestidae,Dinolestes,Dinolestes lewini,"Dinolestes lewini (Griffith & Smith, 1834)",Dinolestes lewini,ACCEPTED,100,EXACT,2019-02-04T16:33:56Z
5213388,SPECIES,Diodon nicthemerus,Diodon nicthemerus,Animalia,Chordata,Actinopterygii,Tetraodontiformes,Diodontidae,Diodon,Diodon nicthemerus,"Diodon nicthemerus Cuvier, 1818",Diodon nicthemerus,ACCEPTED,100,EXACT,2019-02-04T16:33:56Z
6519880,SPECIES,Doris chrysoderma,Doris chrysoderma,Animalia,Mollusca,Gastropoda,Nudibranchia,Dorididae,Doris,Doris chrysoderma,"Doris chrysoderma Angas, 1864",Doris chrysoderma,ACCEPTED,100,EXACT,2019-02-04T16:33:57Z
2383374,SPECIES,Dotalabrus aurantiacus,Dotalabrus aurantiacus,Animalia,Chordata,Actinopterygii,Perciformes,Labridae,Dotalabrus,Dotalabrus aurantiacus,"Dotalabrus aurantiacus (Castelnau, 1872)",Dotalabrus aurantiacus,ACCEPTED,100,EXACT,2019-02-04T16:33:57Z
2273655,SPECIES,Echinaster arcystatus,Echinaster arcystatus,Animalia,Echinodermata,Asteroidea,Spinulosida,Echinasteridae,Echinaster,Echinaster arcystatus,"Echinaster arcystatus H.L.Clark, 1914",Echinaster arcystatus,ACCEPTED,100,EXACT,2019-02-04T16:33:58Z
2273669,SPECIES,Echinaster glomeratus,Echinaster glomeratus,Animalia,Echinodermata,Asteroidea,Spinulosida,Echinasteridae,Echinaster,Echinaster glomeratus,"Echinaster glomeratus H.L.Clark, 1916",Echinaster glomeratus,ACCEPTED,100,EXACT,2019-02-04T16:33:58Z
2391990,SPECIES,Enoplosus armatus,Enoplosus armatus,Animalia,Chordata,Actinopterygii,Perciformes,Enoplosidae,Enoplosus,Enoplosus armatus,"Enoplosus armatus (White, 1790)",Enoplosus armatus,ACCEPTED,100,EXACT,2019-02-04T16:33:59Z
2386616,SPECIES,Eocallionymus papilio,Eocallionymus papilio,Animalia,Chordata,Actinopterygii,Perciformes,Callionymidae,Eocallionymus,Eocallionymus papilio,"Eocallionymus papilio (Günther, 1864)",Eocallionymus papilio,ACCEPTED,100,EXACT,2019-02-04T16:33:59Z
4373771,SPECIES,Equichlamys bifrons,Equichlamys bifrons,Animalia,Mollusca,Bivalvia,Pectinida,Pectinidae,Equichlamys,Equichlamys bifrons,"Equichlamys bifrons (Lamarck, 1819)",Equichlamys bifrons,ACCEPTED,100,EXACT,2019-02-04T16:34:00Z
2406866,SPECIES,Eubalichthys mosaicus,Eubalichthys mosaicus,Animalia,Chordata,Actinopterygii,Tetraodontiformes,Monacanthidae,Eubalichthys,Eubalichthys mosaicus,"Eubalichthys mosaicus (Ramsay & Ogilby, 1886)",Eubalichthys mosaicus,ACCEPTED,100,EXACT,2019-02-04T16:34:00Z
2383931,SPECIES,Eupetrichthys angustipes,Eupetrichthys angustipes,Animalia,Chordata,Actinopterygii,Perciformes,Labridae,Eupetrichthys,Eupetrichthys angustipes,"Eupetrichthys angustipes Ramsay & Ogilby, 1888",Eupetrichthys angustipes,ACCEPTED,100,EXACT,2019-02-04T16:34:00Z
2292251,GENUS,Flabellina,Flabellina spp.,Animalia,Mollusca,Gastropoda,Nudibranchia,Flabellinidae,Flabellina,NA,"Flabellina Voigt, 1834",Flabellina,ACCEPTED,80,EXACT,2019-02-04T16:34:01Z
2386583,SPECIES,Foetorepus calauropomus,Foetorepus calauropomus,Animalia,Chordata,Actinopterygii,Perciformes,Callionymidae,Foetorepus,Foetorepus calauropomus,"Foetorepus calauropomus (Richardson, 1844)",Foetorepus calauropomus,ACCEPTED,100,EXACT,2019-02-04T16:34:01Z
2272625,SPECIES,Fromia polypora,Fromia polypora,Animalia,Echinodermata,Asteroidea,Valvatida,Goniasteridae,Fromia,Fromia polypora,"Fromia polypora H.L.Clark, 1916",Fromia polypora,ACCEPTED,100,EXACT,2019-02-04T16:34:02Z
4604085,SPECIES,Fusinus australis,Fusinus australis,Animalia,Mollusca,Gastropoda,Neogastropoda,Fasciolariidae,Fusinus,Fusinus australis,"Fusinus australis (Quoy & Gaimard, 1833)",Fusinus australis,ACCEPTED,100,EXACT,2019-02-04T16:34:02Z
225,CLASS,Gastropoda,Gastropoda spp.,Animalia,Mollusca,Gastropoda,NA,NA,NA,NA,Gastropoda,Gastropoda,ACCEPTED,85,EXACT,2019-02-04T16:34:03Z
2345644,SPECIES,Genypterus tigerinus,Genypterus tigerinus,Animalia,Chordata,Actinopterygii,Ophidiiformes,Ophidiidae,Genypterus,Genypterus tigerinus,"Genypterus tigerinus Klunzinger, 1872",Genypterus tigerinus,ACCEPTED,100,EXACT,2019-02-04T16:34:03Z
2381233,SPECIES,Girella tricuspidata,Girella tricuspidata,Animalia,Chordata,Actinopterygii,Perciformes,Kyphosidae,Girella,Girella tricuspidata,"Girella tricuspidata Johnston, 1882",Girella tricuspidata,ACCEPTED,100,EXACT,2019-02-04T16:34:04Z
2381227,SPECIES,Girella zebra,Girella zebra,Animalia,Chordata,Actinopterygii,Perciformes,Kyphosidae,Girella,Girella zebra,"Girella zebra (Richardson, 1846)",Girella zebra,ACCEPTED,100,EXACT,2019-02-04T16:34:04Z
2335216,SPECIES,Glyptauchen panduratus,Glyptauchen panduratus,Animalia,Chordata,Actinopterygii,Scorpaeniformes,Tetrarogidae,Glyptauchen,Glyptauchen panduratus,"Glyptauchen panduratus (Richardson, 1850)",Glyptauchen panduratus,ACCEPTED,100,EXACT,2019-02-04T16:34:04Z
1,KINGDOM,Animalia,Gobiesocid spp.,Animalia,NA,NA,NA,NA,NA,NA,Animalia,Animalia,ACCEPTED,99,HIGHERRANK,2019-02-04T16:34:05Z
1,KINGDOM,Animalia,Gobiid spp.,Animalia,NA,NA,NA,NA,NA,NA,Animalia,Animalia,ACCEPTED,99,HIGHERRANK,2019-02-04T16:34:05Z
6519724,SPECIES,Goniobranchus epicurius,Goniobranchus epicurius,Animalia,Mollusca,Gastropoda,Nudibranchia,Chromodorididae,Goniobranchus,Goniobranchus epicurius,"Goniobranchus epicurius (Basedow & Hedley, 1905)",Goniobranchus epicurius,ACCEPTED,100,EXACT,2019-02-04T16:34:06Z
6519796,SPECIES,Goniobranchus tinctorius,Goniobranchus tinctorius,Animalia,Mollusca,Gastropoda,Nudibranchia,Chromodorididae,Goniobranchus,Goniobranchus tinctorius,"Goniobranchus tinctorius (Rüppell & Leuckart, 1830)",Goniobranchus tinctorius,ACCEPTED,100,EXACT,2019-02-04T16:34:06Z
4876008,SPECIES,Goniocidaris tubaria,Goniocidaris tubaria,Animalia,Echinodermata,Echinoidea,Cidaroida,Cidaridae,Goniocidaris,Goniocidaris tubaria,"Goniocidaris tubaria (Lamarck, 1816)",Goniocidaris tubaria,ACCEPTED,100,EXACT,2019-02-04T16:34:07Z
2387346,SPECIES,Haletta semifasciata,Haletta semifasciata,Animalia,Chordata,Actinopterygii,Perciformes,Odacidae,Haletta,Haletta semifasciata,"Haletta semifasciata (Valenciennes, 1840)",Haletta semifasciata,ACCEPTED,100,EXACT,2019-02-04T16:34:07Z
4616001,SPECIES,Haliotis cyclobates,Haliotis cyclobates,Animalia,Mollusca,Gastropoda,Lepetellida,Haliotidae,Haliotis,Haliotis cyclobates,"Haliotis cyclobates Péron & Lesueur, 1816",Haliotis cyclobates,ACCEPTED,100,EXACT,2019-02-04T16:34:08Z
4615987,SPECIES,Haliotis laevigata,Haliotis laevigata,Animalia,Mollusca,Gastropoda,Lepetellida,Haliotidae,Haliotis,Haliotis laevigata,"Haliotis laevigata Donovan, 1808",Haliotis laevigata,ACCEPTED,100,EXACT,2019-02-04T16:34:08Z
4615967,SPECIES,Haliotis roei,Haliotis roei,Animalia,Mollusca,Gastropoda,Lepetellida,Haliotidae,Haliotis,Haliotis roei,"Haliotis roei Gray, 1826",Haliotis roei,ACCEPTED,100,EXACT,2019-02-04T16:34:09Z
4615980,SPECIES,Haliotis rubra,Haliotis rubra,Animalia,Mollusca,Gastropoda,Lepetellida,Haliotidae,Haliotis,Haliotis rubra,"Haliotis rubra Leach, 1814",Haliotis rubra,ACCEPTED,100,EXACT,2019-02-04T16:34:09Z
4615980,SPECIES,Haliotis rubra,Haliotis rubra complex,Animalia,Mollusca,Gastropoda,Lepetellida,Haliotidae,Haliotis,Haliotis rubra,"Haliotis rubra Leach, 1814",Haliotis rubra,ACCEPTED,100,HIGHERRANK,2019-02-04T16:34:09Z
4615964,SPECIES,Haliotis scalaris,Haliotis scalaris,Animalia,Mollusca,Gastropoda,Lepetellida,Haliotidae,Haliotis,Haliotis scalaris,"Haliotis scalaris (Leach, 1814)",Haliotis scalaris,ACCEPTED,100,EXACT,2019-02-04T16:34:10Z
2293068,GENUS,Haliotis,Haliotis spp.,Animalia,Mollusca,Gastropoda,Lepetellida,Haliotidae,Haliotis,NA,"Haliotis Linnaeus, 1758",Haliotis,ACCEPTED,85,EXACT,2019-02-04T16:34:10Z
2392887,SPECIES,Helcogramma decurrens,Helcogramma decurrens,Animalia,Chordata,Actinopterygii,Perciformes,Tripterygiidae,Helcogramma,Helcogramma decurrens,"Helcogramma decurrens McCulloch & Waite, 1918",Helcogramma decurrens,ACCEPTED,100,EXACT,2019-02-04T16:34:11Z
4876686,SPECIES,Heliocidaris erythrogramma,Heliocidaris erythrogramma,Animalia,Echinodermata,Echinoidea,Camarodonta,Echinometridae,Heliocidaris,Heliocidaris erythrogramma,"Heliocidaris erythrogramma (Valenciennes, 1846)",Heliocidaris erythrogramma,ACCEPTED,100,EXACT,2019-02-04T16:34:11Z
5723395,SPECIES,Herdmania grandis,Herdmania grandis,Animalia,Chordata,Ascidiacea,Stolidobranchia,Pyuridae,Herdmania,Herdmania grandis,"Herdmania grandis (Heller, 1878)",Herdmania grandis,ACCEPTED,100,EXACT,2019-02-04T16:34:12Z
2380216,SPECIES,Heteroclinus adelaidae,Heteroclinus adelaidae,Animalia,Chordata,Actinopterygii,Perciformes,Clinidae,Heteroclinus,Heteroclinus adelaidae,"Heteroclinus adelaidae Castelnau, 1872",Heteroclinus adelaidae,ACCEPTED,100,EXACT,2019-02-04T16:34:12Z
2380196,SPECIES,Heteroclinus johnstoni,Heteroclinus johnstoni,Animalia,Chordata,Actinopterygii,Perciformes,Clinidae,Heteroclinus,Heteroclinus johnstoni,"Heteroclinus johnstoni (Saville-Kent, 1886)",Heteroclinus johnstoni,ACCEPTED,100,EXACT,2019-02-04T16:34:13Z
2380227,SPECIES,Heteroclinus kuiteri,Heteroclinus kuiteri,Animalia,Chordata,Actinopterygii,Perciformes,Clinidae,Heteroclinus,Heteroclinus kuiteri,"Heteroclinus kuiteri Hoese & Rennis, 2006",Heteroclinus kuiteri,ACCEPTED,100,EXACT,2019-02-04T16:34:13Z
2380217,SPECIES,Heteroclinus perspicillatus,Heteroclinus perspicillatus,Animalia,Chordata,Actinopterygii,Perciformes,Clinidae,Heteroclinus,Heteroclinus perspicillatus,"Heteroclinus perspicillatus (Valenciennes, 1836)",Heteroclinus perspicillatus,ACCEPTED,100,EXACT,2019-02-04T16:34:14Z
2380213,SPECIES,Heteroclinus roseus,Heteroclinus roseus,Animalia,Chordata,Actinopterygii,Perciformes,Clinidae,Heteroclinus,Heteroclinus roseus,"Heteroclinus roseus (Günther, 1861)",Heteroclinus roseus,ACCEPTED,100,EXACT,2019-02-04T16:34:14Z
2380192,GENUS,Heteroclinus,Heteroclinus spp.,Animalia,Chordata,Actinopterygii,Perciformes,Clinidae,Heteroclinus,NA,"Heteroclinus Castelnau, 1872",Heteroclinus,ACCEPTED,85,EXACT,2019-02-04T16:34:14Z
2380204,SPECIES,Heteroclinus tristis,Heteroclinus tristis,Animalia,Chordata,Actinopterygii,Perciformes,Clinidae,Heteroclinus,Heteroclinus tristis,"Heteroclinus tristis (Klunzinger, 1872)",Heteroclinus tristis,ACCEPTED,100,EXACT,2019-02-04T16:34:15Z
5215675,SPECIES,Heterodontus portusjacksoni,Heterodontus portusjacksoni,Animalia,Chordata,Elasmobranchii,Heterodontiformes,Heterodontidae,Heterodontus,Heterodontus portusjacksoni,"Heterodontus portusjacksoni (Meyer, 1793)",Heterodontus portusjacksoni,ACCEPTED,100,EXACT,2019-02-04T16:34:15Z
5215675,SPECIES,Heterodontus portusjacksoni,Heterodontus portusjacksoni egg,Animalia,Chordata,Elasmobranchii,Heterodontiformes,Heterodontidae,Heterodontus,Heterodontus portusjacksoni,"Heterodontus portusjacksoni (Meyer, 1793)",Heterodontus portusjacksoni,ACCEPTED,100,HIGHERRANK,2019-02-04T16:34:16Z
5788038,SPECIES,Heteroscarus acroptilus,Heteroscarus acroptilus,Animalia,Chordata,Actinopterygii,Perciformes,Odacidae,Heteroscarus,Heteroscarus acroptilus,"Heteroscarus acroptilus (Richardson, 1846)",Heteroscarus acroptilus,ACCEPTED,100,EXACT,2019-02-04T16:34:16Z
4875538,SPECIES,Holopneustes porosissimus,Holopneustes porosissimus,Animalia,Echinodermata,Echinoidea,Camarodonta,Temnopleuridae,Holopneustes,Holopneustes porosissimus,"Holopneustes porosissimus L.Agassiz, 1846",Holopneustes porosissimus,ACCEPTED,100,EXACT,2019-02-04T16:34:17Z
4875534,GENUS,Holopneustes,Holopneustes sp. (red),Animalia,Echinodermata,Echinoidea,Camarodonta,Temnopleuridae,Holopneustes,NA,"Holopneustes L.Agassiz, 1841",Holopneustes,ACCEPTED,85,EXACT,2019-02-04T16:34:17Z
4875534,GENUS,Holopneustes,Holopneustes spp.,Animalia,Echinodermata,Echinoidea,Camarodonta,Temnopleuridae,Holopneustes,NA,"Holopneustes L.Agassiz, 1841",Holopneustes,ACCEPTED,85,EXACT,2019-02-04T16:34:18Z
4343022,SPECIES,Holothuria hartmeyeri,Holothuria hartmeyeri,Animalia,Echinodermata,Holothuroidea,Holothuriida,Holothuriidae,Holothuria,Holothuria hartmeyeri,"Holothuria hartmeyeri (Helfer, 1912)",Holothuria hartmeyeri,ACCEPTED,100,EXACT,2019-02-04T16:34:18Z
2413176,SPECIES,Hyperlophus vittatus,Hyperlophus vittatus,Animalia,Chordata,Actinopterygii,Clupeiformes,Clupeidae,Hyperlophus,Hyperlophus vittatus,"Hyperlophus vittatus (Castelnau, 1875)",Hyperlophus vittatus,ACCEPTED,100,EXACT,2019-02-04T16:34:19Z
2420564,SPECIES,Hypnos monopterygius,Hypnos monopterygius,Animalia,Chordata,Elasmobranchii,Torpediniformes,Hypnidae,Hypnos,Hypnos monopterygius,"Hypnos monopterygius (Shaw, 1795)",Hypnos monopterygius,ACCEPTED,100,EXACT,2019-02-04T16:34:19Z
2387925,SPECIES,Hypoplectrodes nigroruber,Hypoplectrodes nigroruber,Animalia,Chordata,Actinopterygii,Perciformes,Serranidae,Hypoplectrodes,Hypoplectrodes nigroruber,"Hypoplectrodes nigroruber (Cuvier, 1828)",Hypoplectrodes nigroruber,ACCEPTED,100,EXACT,2019-02-04T16:34:20Z
4360080,SPECIES,Hypselodoris infucata,Hypselodoris infucata,Animalia,Mollusca,Gastropoda,Nudibranchia,Chromodorididae,Hypselodoris,Hypselodoris infucata,"Hypselodoris infucata (Rüppell & Leuckart, 1830)",Hypselodoris infucata,ACCEPTED,100,EXACT,2019-02-04T16:34:20Z
9458034,SPECIES,Xipholeptos notoides,Idiosepius notoides,Animalia,Mollusca,Cephalopoda,NA,Idiosepiidae,Xipholeptos,Xipholeptos notoides,"Xipholeptos notoides (Berry, 1921)",Xipholeptos notoides,ACCEPTED,NA,Synonym,2019-02-04T16:34:21Z
5178279,SPECIES,Jasus edwardsii,Jasus edwardsii,Animalia,Arthropoda,Malacostraca,Decapoda,Palinuridae,Jasus,Jasus edwardsii,"Jasus edwardsii (Hutton, 1875)",Jasus edwardsii,ACCEPTED,100,EXACT,2019-02-04T16:34:21Z
2381302,SPECIES,Kyphosus sydneyanus,Kyphosus sydneyanus,Animalia,Chordata,Actinopterygii,Perciformes,Kyphosidae,Kyphosus,Kyphosus sydneyanus,"Kyphosus sydneyanus (Günther, 1886)",Kyphosus sydneyanus,ACCEPTED,100,EXACT,2019-02-04T16:34:22Z
5211056,SPECIES,Lepidoblennius marmoratus,Lepidoblennius marmoratus,Animalia,Chordata,Actinopterygii,Perciformes,Tripterygiidae,Lepidoblennius,Lepidoblennius marmoratus,"Lepidoblennius marmoratus (Macleay, 1878)",Lepidoblennius marmoratus,ACCEPTED,100,EXACT,2019-02-04T16:34:22Z
4645811,SPECIES,Leptomithrax gaimardii,Leptomithrax gaimardii,Animalia,Arthropoda,Malacostraca,Decapoda,Ocypodidae,Leptomithrax,Leptomithrax gaimardii,"Leptomithrax gaimardii Milne-Edwards, 1834",Leptomithrax gaimardii,ACCEPTED,100,EXACT,2019-02-04T16:34:23Z
2335661,SPECIES,Leviprora inops,Leviprora inops,Animalia,Chordata,Actinopterygii,Scorpaeniformes,Platycephalidae,Leviprora,Leviprora inops,"Leviprora inops (Jenyns, 1840)",Leviprora inops,ACCEPTED,100,EXACT,2019-02-04T16:34:23Z
2270567,SPECIES,Luidia australiae,Luidia australiae,Animalia,Echinodermata,Asteroidea,Paxillosida,Luidiidae,Luidia,Luidia australiae,"Luidia australiae Döderlein, 1920",Luidia australiae,ACCEPTED,100,EXACT,2019-02-04T16:34:24Z
4367818,SPECIES,Lyria mitraeformis,Lyria mitraeformis,Animalia,Mollusca,Gastropoda,Neogastropoda,Volutidae,Lyria,Lyria mitraeformis,"Lyria mitraeformis (Lamarck, 1811)",Lyria mitraeformis,ACCEPTED,100,EXACT,2019-02-04T16:34:24Z
6521584,SPECIES,Macroctopus maorum,Macroctopus maorum,Animalia,Mollusca,Cephalopoda,Octopoda,Octopodidae,Macroctopus,Macroctopus maorum,"Macroctopus maorum (Hutton, 1880)",Macroctopus maorum,ACCEPTED,100,EXACT,2019-02-04T16:34:25Z
2333374,SPECIES,Maroubra perserrata,Maroubra perserrata,Animalia,Chordata,Actinopterygii,Syngnathiformes,Syngnathidae,Maroubra,Maroubra perserrata,"Maroubra perserrata Whitley, 1948",Maroubra perserrata,ACCEPTED,100,EXACT,2019-02-04T16:34:25Z
2272147,SPECIES,Meridiastra calcar,Meridiastra calcar,Animalia,Echinodermata,Asteroidea,Valvatida,Asterinidae,Meridiastra,Meridiastra calcar,"Meridiastra calcar (Lamarck, 1816)",Meridiastra calcar,ACCEPTED,100,EXACT,2019-02-04T16:34:25Z
2272151,SPECIES,Meridiastra gunnii,Meridiastra gunnii,Animalia,Echinodermata,Asteroidea,Valvatida,Asterinidae,Meridiastra,Meridiastra gunnii,"Meridiastra gunnii (Gray, 1840)",Meridiastra gunnii,ACCEPTED,100,EXACT,2019-02-04T16:34:26Z
2406836,SPECIES,Meuschenia flavolineata,Meuschenia flavolineata,Animalia,Chordata,Actinopterygii,Tetraodontiformes,Monacanthidae,Meuschenia,Meuschenia flavolineata,"Meuschenia flavolineata Hutchins, 1977",Meuschenia flavolineata,ACCEPTED,100,EXACT,2019-02-04T16:34:26Z
2406841,SPECIES,Meuschenia freycineti,Meuschenia freycineti,Animalia,Chordata,Actinopterygii,Tetraodontiformes,Monacanthidae,Meuschenia,Meuschenia freycineti,"Meuschenia freycineti (Quoy & Gaimard, 1824)",Meuschenia freycineti,ACCEPTED,100,EXACT,2019-02-04T16:34:27Z
2406855,SPECIES,Meuschenia galii,Meuschenia galii,Animalia,Chordata,Actinopterygii,Tetraodontiformes,Monacanthidae,Meuschenia,Meuschenia galii,"Meuschenia galii (Waite, 1905)",Meuschenia galii,ACCEPTED,100,EXACT,2019-02-04T16:34:27Z
2406838,SPECIES,Meuschenia hippocrepis,Meuschenia hippocrepis,Animalia,Chordata,Actinopterygii,Tetraodontiformes,Monacanthidae,Meuschenia,Meuschenia hippocrepis,"Meuschenia hippocrepis (Quoy & Gaimard, 1824)",Meuschenia hippocrepis,ACCEPTED,100,EXACT,2019-02-04T16:34:28Z
2406837,SPECIES,Meuschenia venusta,Meuschenia venusta,Animalia,Chordata,Actinopterygii,Tetraodontiformes,Monacanthidae,Meuschenia,Meuschenia venusta,"Meuschenia venusta Hutchins, 1977",Meuschenia venusta,ACCEPTED,100,EXACT,2019-02-04T16:34:28Z
4596846,SPECIES,Mexichromis macropus,Mexichromis macropus,Animalia,Mollusca,Gastropoda,Nudibranchia,Chromodorididae,Mexichromis,Mexichromis macropus,"Mexichromis macropus Rudman, 1983",Mexichromis macropus,ACCEPTED,100,EXACT,2019-02-04T16:34:29Z
4373491,SPECIES,Mimachlamys asperrima,Mimachlamys asperrima,Animalia,Mollusca,Bivalvia,Pectinida,Pectinidae,Mimachlamys,Mimachlamys asperrima,"Mimachlamys asperrima (Lamarck, 1819)",Mimachlamys asperrima,ACCEPTED,100,EXACT,2019-02-04T16:34:29Z
2302712,GENUS,Mitra,Mitra glabra,Animalia,Mollusca,Gastropoda,Neogastropoda,Mitridae,Mitra,NA,"Mitra Lamarck, 1798",Mitra,ACCEPTED,95,HIGHERRANK,2019-02-04T16:34:30Z
1,KINGDOM,Animalia,Monacanthid spp.,Animalia,NA,NA,NA,NA,NA,NA,Animalia,Animalia,ACCEPTED,99,HIGHERRANK,2019-02-04T16:34:30Z
6488527,SPECIES,Monoplex parthenopeus,Monoplex parthenopeus,Animalia,Mollusca,Gastropoda,Littorinimorpha,Ranellidae,Monoplex,Monoplex parthenopeus,"Monoplex parthenopeus (Salis Marschlins, 1793)",Monoplex parthenopeus,ACCEPTED,100,EXACT,2019-02-04T16:34:30Z
2419293,SPECIES,Myliobatis australis,Myliobatis australis,Animalia,Chordata,Elasmobranchii,Myliobatiformes,Myliobatidae,Myliobatis,Myliobatis australis,"Myliobatis australis Macleay, 1881",Myliobatis australis,ACCEPTED,100,EXACT,2019-02-04T16:34:31Z
5799118,SPECIES,Naxia aurita,Naxia aurita,Animalia,Arthropoda,Malacostraca,Decapoda,Ocypodidae,Naxia,Naxia aurita,"Naxia aurita Latreille, 1825",Naxia aurita,ACCEPTED,100,EXACT,2019-02-04T16:34:31Z
5178687,SPECIES,Naxia spinosa,Naxia spinosa,Animalia,Arthropoda,Malacostraca,Decapoda,Ocypodidae,Naxia,Naxia spinosa,"Naxia spinosa Hess, 1865",Naxia spinosa,ACCEPTED,100,EXACT,2019-02-04T16:34:32Z
4644439,SPECIES,Nectocarcinus integrifrons,Nectocarcinus integrifrons,Animalia,Arthropoda,Malacostraca,Decapoda,Ovalipidae,Nectocarcinus,Nectocarcinus integrifrons,"Nectocarcinus integrifrons (Latreille, 1825)",Nectocarcinus integrifrons,ACCEPTED,100,EXACT,2019-02-04T16:34:32Z
2225633,GENUS,Nectocarcinus,Nectocarcinus spp.,Animalia,Arthropoda,Malacostraca,Decapoda,Ovalipidae,Nectocarcinus,NA,"Nectocarcinus A.Milne-Edwards, 1860",Nectocarcinus,ACCEPTED,85,EXACT,2019-02-04T16:34:33Z
4644436,SPECIES,Nectocarcinus tuberculosus,Nectocarcinus tuberculosus,Animalia,Arthropoda,Malacostraca,Decapoda,Ovalipidae,Nectocarcinus,Nectocarcinus tuberculosus,"Nectocarcinus tuberculosus A.Milne-Edwards, 1860",Nectocarcinus tuberculosus,ACCEPTED,100,EXACT,2019-02-04T16:34:33Z
5186795,SPECIES,Nectria macrobrachia,Nectria macrobrachia,Animalia,Echinodermata,Asteroidea,Valvatida,Goniasteridae,Nectria,Nectria macrobrachia,"Nectria macrobrachia H.L.Clark, 1923",Nectria macrobrachia,ACCEPTED,100,EXACT,2019-02-04T16:34:34Z
5186788,SPECIES,Nectria multispina,Nectria multispina,Animalia,Echinodermata,Asteroidea,Valvatida,Goniasteridae,Nectria,Nectria multispina,"Nectria multispina H.L.Clark, 1928",Nectria multispina,ACCEPTED,100,EXACT,2019-02-04T16:34:34Z
5186793,SPECIES,Nectria ocellata,Nectria ocellata,Animalia,Echinodermata,Asteroidea,Valvatida,Goniasteridae,Nectria,Nectria ocellata,"Nectria ocellata (Gray, 1840)",Nectria ocellata,ACCEPTED,100,EXACT,2019-02-04T16:34:35Z
5186789,SPECIES,Nectria pedicelligera,Nectria pedicelligera,Animalia,Echinodermata,Asteroidea,Valvatida,Goniasteridae,Nectria,Nectria pedicelligera,"Nectria pedicelligera Mortensen, 1925",Nectria pedicelligera,ACCEPTED,100,EXACT,2019-02-04T16:34:35Z
5186790,SPECIES,Nectria saoria,Nectria saoria,Animalia,Echinodermata,Asteroidea,Valvatida,Goniasteridae,Nectria,Nectria saoria,"Nectria saoria Shepherd, 1967",Nectria saoria,ACCEPTED,100,EXACT,2019-02-04T16:34:36Z
2392134,SPECIES,Nemadactylus valenciennesi,Nemadactylus valenciennesi,Animalia,Chordata,Actinopterygii,Perciformes,Cheilodactylidae,Nemadactylus,Nemadactylus valenciennesi,"Nemadactylus valenciennesi (Whitley, 1937)",Nemadactylus valenciennesi,ACCEPTED,100,EXACT,2019-02-04T16:34:36Z
2387371,SPECIES,Neoodax balteatus,Neoodax balteatus,Animalia,Chordata,Actinopterygii,Perciformes,Odacidae,Neoodax,Neoodax balteatus,"Neoodax balteatus (Valenciennes, 1840)",Neoodax balteatus,ACCEPTED,100,EXACT,2019-02-04T16:34:36Z
2337292,SPECIES,Neosebastes scorpaenoides,Neosebastes scorpaenoides,Animalia,Chordata,Actinopterygii,Scorpaeniformes,Neosebastidae,Neosebastes,Neosebastes scorpaenoides,"Neosebastes scorpaenoides Guichenot, 1867",Neosebastes scorpaenoides,ACCEPTED,100,EXACT,2019-02-04T16:34:37Z
2377480,GENUS,Nesogobius,Nesogobius spp.,Animalia,Chordata,Actinopterygii,Perciformes,Gobiidae,Nesogobius,NA,"Nesogobius Whitley, 1929",Nesogobius,ACCEPTED,85,EXACT,2019-02-04T16:34:37Z
2383546,SPECIES,Notolabrus parilus,Notolabrus parilus,Animalia,Chordata,Actinopterygii,Perciformes,Labridae,Notolabrus,Notolabrus parilus,"Notolabrus parilus (Richardson, 1850)",Notolabrus parilus,ACCEPTED,100,EXACT,2019-02-04T16:34:38Z
2383502,SPECIES,Notolabrus tetricus,Notolabrus tetricus,Animalia,Chordata,Actinopterygii,Perciformes,Labridae,Notolabrus,Notolabrus tetricus,"Notolabrus tetricus (Richardson, 1840)",Notolabrus tetricus,ACCEPTED,100,EXACT,2019-02-04T16:34:38Z
8198689,SPECIES,Verconia closeorum,Noumea closei,Animalia,Mollusca,Gastropoda,Nudibranchia,Chromodorididae,Verconia,Verconia closeorum,"Verconia closeorum (Rudman, 1986)",Verconia closeorum,ACCEPTED,NA,Synonym,2019-02-04T16:34:39Z
980,ORDER,Nudibranchia,Nudibranchia spp.,Animalia,Mollusca,Gastropoda,Nudibranchia,NA,NA,NA,Nudibranchia,Nudibranchia,ACCEPTED,85,EXACT,2019-02-04T16:34:40Z
2387397,SPECIES,Olisthops cyanomelas,Olisthops cyanomelas,Animalia,Chordata,Actinopterygii,Perciformes,Odacidae,Olisthops,Olisthops cyanomelas,"Olisthops cyanomelas Richardson, 1850",Olisthops cyanomelas,ACCEPTED,100,EXACT,2019-02-04T16:34:40Z
2407640,SPECIES,Omegophora armilla,Omegophora armilla,Animalia,Chordata,Actinopterygii,Tetraodontiformes,Tetraodontidae,Omegophora,Omegophora armilla,"Omegophora armilla (Waite & McCulloch, 1915)",Omegophora armilla,ACCEPTED,100,EXACT,2019-02-04T16:34:41Z
2380230,SPECIES,Ophiclinus gabrieli,Ophiclinus gabrieli,Animalia,Chordata,Actinopterygii,Perciformes,Clinidae,Ophiclinus,Ophiclinus gabrieli,"Ophiclinus gabrieli Waite, 1906",Ophiclinus gabrieli,ACCEPTED,100,EXACT,2019-02-04T16:34:41Z
2380236,SPECIES,Ophiclinus gracilis,Ophiclinus gracilis,Animalia,Chordata,Actinopterygii,Perciformes,Clinidae,Ophiclinus,Ophiclinus gracilis,"Ophiclinus gracilis Waite, 1906",Ophiclinus gracilis,ACCEPTED,100,EXACT,2019-02-04T16:34:41Z
2380229,GENUS,Ophiclinus,Ophiclinus spp.,Animalia,Chordata,Actinopterygii,Perciformes,Clinidae,Ophiclinus,NA,"Ophiclinus Castelnau, 1872",Ophiclinus,ACCEPTED,85,EXACT,2019-02-04T16:34:42Z
2383927,SPECIES,Ophthalmolepis lineolata,Ophthalmolepis lineolatus,Animalia,Chordata,Actinopterygii,Perciformes,Labridae,Ophthalmolepis,Ophthalmolepis lineolata,"Ophthalmolepis lineolata (Valenciennes, 1839)",Ophthalmolepis lineolata,ACCEPTED,97,FUZZY,2019-02-04T16:34:42Z
2417557,SPECIES,Orectolobus halei,Orectolobus halei,Animalia,Chordata,Elasmobranchii,Orectolobiformes,Orectolobidae,Orectolobus,Orectolobus halei,"Orectolobus halei Whitley, 1940",Orectolobus halei,ACCEPTED,100,EXACT,2019-02-04T16:34:43Z
2388620,SPECIES,Othos dentex,Othos dentex,Animalia,Chordata,Actinopterygii,Perciformes,Serranidae,Othos,Othos dentex,"Othos dentex (Cuvier, 1828)",Othos dentex,ACCEPTED,100,EXACT,2019-02-04T16:34:43Z
1,KINGDOM,Animalia,Pagurid spp.,Animalia,NA,NA,NA,NA,NA,NA,Animalia,Animalia,ACCEPTED,99,HIGHERRANK,2019-02-04T16:34:44Z
4311887,SPECIES,Paguristes frontalis,Paguristes frontalis,Animalia,Arthropoda,Malacostraca,Decapoda,Diogenidae,Paguristes,Paguristes frontalis,"Paguristes frontalis Milne-Edwards, 1836",Paguristes frontalis,ACCEPTED,100,EXACT,2019-02-04T16:34:44Z
1,KINGDOM,Animalia,Paguroidea spp.,Animalia,NA,NA,NA,NA,NA,NA,Animalia,Animalia,ACCEPTED,99,HIGHERRANK,2019-02-04T16:34:45Z
2395799,SPECIES,Parablennius tasmanianus,Parablennius tasmanianus,Animalia,Chordata,Actinopterygii,Perciformes,Blenniidae,Parablennius,Parablennius tasmanianus,"Parablennius tasmanianus (Richardson, 1842)",Parablennius tasmanianus,ACCEPTED,100,EXACT,2019-02-04T16:34:45Z
2272254,SPECIES,Paranepanthia grandis,Paranepanthia grandis,Animalia,Echinodermata,Asteroidea,Valvatida,Asterinidae,Paranepanthia,Paranepanthia grandis,"Paranepanthia grandis (H.L.Clark, 1928)",Paranepanthia grandis,ACCEPTED,100,EXACT,2019-02-04T16:34:46Z
5210061,SPECIES,Parapercis haackei,Parapercis haackei,Animalia,Chordata,Actinopterygii,Perciformes,Pinguipedidae,Parapercis,Parapercis haackei,"Parapercis haackei (Steindachner, 1884)",Parapercis haackei,ACCEPTED,100,EXACT,2019-02-04T16:34:46Z
2389751,SPECIES,Paraplesiops meleagris,Paraplesiops meleagris,Animalia,Chordata,Actinopterygii,Perciformes,Plesiopidae,Paraplesiops,Paraplesiops meleagris,"Paraplesiops meleagris (Peters, 1869)",Paraplesiops meleagris,ACCEPTED,100,EXACT,2019-02-04T16:34:46Z
2374413,SPECIES,Parapriacanthus elongatus,Parapriacanthus elongatus,Animalia,Chordata,Actinopterygii,Perciformes,Pempheridae,Parapriacanthus,Parapriacanthus elongatus,"Parapriacanthus elongatus (McCulloch, 1911)",Parapriacanthus elongatus,ACCEPTED,100,EXACT,2019-02-04T16:34:47Z
2417482,SPECIES,Parascyllium ferrugineum,Parascyllium ferrugineum,Animalia,Chordata,Elasmobranchii,Orectolobiformes,Parascylliidae,Parascyllium,Parascyllium ferrugineum,"Parascyllium ferrugineum McCulloch, 1911",Parascyllium ferrugineum,ACCEPTED,100,EXACT,2019-02-04T16:34:47Z
2417478,SPECIES,Parascyllium variolatum,Parascyllium variolatum,Animalia,Chordata,Elasmobranchii,Orectolobiformes,Parascylliidae,Parascyllium,Parascyllium variolatum,"Parascyllium variolatum (Duméril, 1853)",Parascyllium variolatum,ACCEPTED,100,EXACT,2019-02-04T16:34:48Z
5208050,SPECIES,Parequula melbournensis,Parequula melbournensis,Animalia,Chordata,Actinopterygii,Perciformes,Gerreidae,Parequula,Parequula melbournensis,"Parequula melbournensis (Castelnau, 1872)",Parequula melbournensis,ACCEPTED,100,EXACT,2019-02-04T16:34:48Z
2399342,SPECIES,Parma victoriae,Parma victoriae,Animalia,Chordata,Actinopterygii,Perciformes,Pomacentridae,Parma,Parma victoriae,"Parma victoriae (Günther, 1863)",Parma victoriae,ACCEPTED,100,EXACT,2019-02-04T16:34:49Z
4374190,SPECIES,Pecten fumatus,Pecten fumatus,Animalia,Mollusca,Bivalvia,Pectinida,Pectinidae,Pecten,Pecten fumatus,"Pecten fumatus Reeve, 1852",Pecten fumatus,ACCEPTED,100,EXACT,2019-02-04T16:34:49Z
2374370,SPECIES,Pempheris klunzingeri,Pempheris klunzingeri,Animalia,Chordata,Actinopterygii,Perciformes,Pempheridae,Pempheris,Pempheris klunzingeri,"Pempheris klunzingeri McCulloch, 1911",Pempheris klunzingeri,ACCEPTED,100,EXACT,2019-02-04T16:34:50Z
2374394,SPECIES,Pempheris multiradiata,Pempheris multiradiata,Animalia,Chordata,Actinopterygii,Perciformes,Pempheridae,Pempheris,Pempheris multiradiata,"Pempheris multiradiata Klunzinger, 1879",Pempheris multiradiata,ACCEPTED,100,EXACT,2019-02-04T16:34:50Z
2374382,SPECIES,Pempheris ornata,Pempheris ornata,Animalia,Chordata,Actinopterygii,Perciformes,Pempheridae,Pempheris,Pempheris ornata,"Pempheris ornata Mooi & Jubb, 1996",Pempheris ornata,ACCEPTED,100,EXACT,2019-02-04T16:34:51Z
2374368,GENUS,Pempheris,Pempheris spp.,Animalia,Chordata,Actinopterygii,Perciformes,Pempheridae,Pempheris,NA,"Pempheris Cuvier, 1829",Pempheris,ACCEPTED,85,EXACT,2019-02-04T16:34:51Z
4600999,SPECIES,Penion mandarinus,Penion mandarinus,Animalia,Mollusca,Gastropoda,Neogastropoda,Buccinidae,Penion,Penion mandarinus,"Penion mandarinus (Duclos, 1832)",Penion mandarinus,ACCEPTED,100,EXACT,2019-02-04T16:34:52Z
5208742,SPECIES,Pentaceropsis recurvirostris,Pentaceropsis recurvirostris,Animalia,Chordata,Actinopterygii,Perciformes,Pentacerotidae,Pentaceropsis,Pentaceropsis recurvirostris,"Pentaceropsis recurvirostris (Richardson, 1845)",Pentaceropsis recurvirostris,ACCEPTED,100,EXACT,2019-02-04T16:34:52Z
5186899,SPECIES,Pentagonaster duebeni,Pentagonaster dubeni,Animalia,Echinodermata,Asteroidea,Valvatida,Goniasteridae,Pentagonaster,Pentagonaster duebeni,"Pentagonaster duebeni Gray, 1847",Pentagonaster duebeni,ACCEPTED,96,FUZZY,2019-02-04T16:34:52Z
2380184,SPECIES,Peronedys anguillaris,Peronedys anguillaris,Animalia,Chordata,Actinopterygii,Perciformes,Clinidae,Peronedys,Peronedys anguillaris,"Peronedys anguillaris Steindachner, 1883",Peronedys anguillaris,ACCEPTED,100,EXACT,2019-02-04T16:34:53Z
2271928,SPECIES,Petricia vernicina,Petricia vernicina,Animalia,Echinodermata,Asteroidea,Valvatida,Asteropseidae,Petricia,Petricia vernicina,"Petricia vernicina (Lamarck, 1816)",Petricia vernicina,ACCEPTED,100,EXACT,2019-02-04T16:34:53Z
4616088,SPECIES,Phasianella australis,Phasianella australis,Animalia,Mollusca,Gastropoda,Trochida,Phasianellidae,Phasianella,Phasianella australis,"Phasianella australis (Gmelin, 1791)",Phasianella australis,ACCEPTED,100,EXACT,2019-02-04T16:34:54Z
4357660,GENUS,Phasianella,Phasianella spp.,Animalia,Mollusca,Gastropoda,Trochida,Phasianellidae,Phasianella,NA,"Phasianella Lamarck, 1804",Phasianella,ACCEPTED,85,EXACT,2019-02-04T16:34:54Z
4616085,SPECIES,Phasianella ventricosa,Phasianella ventricosa,Animalia,Mollusca,Gastropoda,Trochida,Phasianellidae,Phasianella,Phasianella ventricosa,"Phasianella ventricosa Swainson, 1822",Phasianella ventricosa,ACCEPTED,99,EXACT,2019-02-04T16:34:55Z
2256918,SPECIES,Phlyctenactis tuberculosa,Phlyctenactis tuberculosa,Animalia,Cnidaria,Anthozoa,Actiniaria,Actiniidae,Phlyctenactis,Phlyctenactis tuberculosa,"Phlyctenactis tuberculosa (Quoy & Gaimard, 1833)",Phlyctenactis tuberculosa,ACCEPTED,100,EXACT,2019-02-04T16:34:55Z
2332986,SPECIES,Phycodurus eques,Phycodurus eques,Animalia,Chordata,Actinopterygii,Syngnathiformes,Syngnathidae,Phycodurus,Phycodurus eques,"Phycodurus eques (Günther, 1865)",Phycodurus eques,ACCEPTED,100,EXACT,2019-02-04T16:34:56Z
5818637,SPECIES,Phyllacanthus irregularis,Phyllacanthus irregularis,Animalia,Echinodermata,Echinoidea,Cidaroida,Cidaridae,Phyllacanthus,Phyllacanthus irregularis,"Phyllacanthus irregularis Mortensen, 1928",Phyllacanthus irregularis,ACCEPTED,100,EXACT,2019-02-04T16:34:56Z
2414436,SPECIES,Phyllophryne scortea,Phyllophryne scortea,Animalia,Chordata,Actinopterygii,Lophiiformes,Antennariidae,Phyllophryne,Phyllophryne scortea,"Phyllophryne scortea (McCulloch & Waite, 1918)",Phyllophryne scortea,ACCEPTED,100,EXACT,2019-02-04T16:34:57Z
2383363,SPECIES,Pictilabrus laticlavius,Pictilabrus laticlavius,Animalia,Chordata,Actinopterygii,Perciformes,Labridae,Pictilabrus,Pictilabrus laticlavius,"Pictilabrus laticlavius (Richardson, 1840)",Pictilabrus laticlavius,ACCEPTED,100,EXACT,2019-02-04T16:34:57Z
2285351,SPECIES,Pinna bicolor,Pinna bicolor,Animalia,Mollusca,Bivalvia,Ostreida,Pinnidae,Pinna,Pinna bicolor,"Pinna bicolor Gmelin, 1791",Pinna bicolor,ACCEPTED,100,EXACT,2019-02-04T16:34:58Z
5970883,SPECIES,Guinusia chabrus,Plagusia chabrus,Animalia,Arthropoda,Malacostraca,Decapoda,Plagusiidae,Guinusia,Guinusia chabrus,"Guinusia chabrus (Linnaeus, 1758)",Guinusia chabrus,ACCEPTED,NA,Synonym,2019-02-04T16:34:58Z
1,KINGDOM,Animalia,Platycephalid spp.,Animalia,NA,NA,NA,NA,NA,NA,Animalia,Animalia,ACCEPTED,99,HIGHERRANK,2019-02-04T16:34:59Z
5201397,SPECIES,Platycephalus laevigatus,Platycephalus laevigatus,Animalia,Chordata,Actinopterygii,Scorpaeniformes,Platycephalidae,Platycephalus,Platycephalus laevigatus,"Platycephalus laevigatus Cuvier, 1829",Platycephalus laevigatus,ACCEPTED,100,EXACT,2019-02-04T16:34:59Z
5201384,SPECIES,Platycephalus speculator,Platycephalus speculator,Animalia,Chordata,Actinopterygii,Scorpaeniformes,Platycephalidae,Platycephalus,Platycephalus speculator,"Platycephalus speculator Klunzinger, 1872",Platycephalus speculator,ACCEPTED,100,EXACT,2019-02-04T16:35:00Z
108,PHYLUM,Platyhelminthes,Platyhelminthes spp.,Animalia,Platyhelminthes,NA,NA,NA,NA,NA,Platyhelminthes,Platyhelminthes,ACCEPTED,85,EXACT,2019-02-04T16:35:00Z
2273391,SPECIES,Plectaster decanus,Plectaster decanus,Animalia,Echinodermata,Asteroidea,Spinulosida,Echinasteridae,Plectaster,Plectaster decanus,"Plectaster decanus (Müller & Troschel, 1843)",Plectaster decanus,ACCEPTED,100,EXACT,2019-02-04T16:35:01Z
8398015,SPECIES,Australaria australasia,Pleuroploca australasia,Animalia,Mollusca,Gastropoda,Neogastropoda,Fasciolariidae,Australaria,Australaria australasia,"Australaria australasia (Perry, 1811)",Australaria australasia,ACCEPTED,NA,Synonym,2019-02-04T16:35:02Z
5863619,SPECIES,Portunus armatus,Portunus armatus,Animalia,Arthropoda,Malacostraca,Decapoda,Potamidae,Portunus,Portunus armatus,"Portunus armatus (A.Milne-Edwards, 1861)",Portunus armatus,ACCEPTED,100,EXACT,2019-02-04T16:35:02Z
5178585,SPECIES,Portunus pelagicus,Portunus pelagicus,Animalia,Arthropoda,Malacostraca,Decapoda,Potamidae,Portunus,Portunus pelagicus,"Portunus pelagicus Linnaeus, 1758",Portunus pelagicus,ACCEPTED,100,EXACT,2019-02-04T16:35:02Z
2391175,SPECIES,Pseudocaranx dentex,Pseudocaranx georgianus,Animalia,Chordata,Actinopterygii,Perciformes,Carangidae,Pseudocaranx,Pseudocaranx dentex,"Pseudocaranx dentex (Bloch & Schneider, 1801)",Pseudocaranx dentex,ACCEPTED,NA,Synonym,2019-02-04T16:35:03Z
2391169,GENUS,Pseudocaranx,Pseudocaranx spp.,Animalia,Chordata,Actinopterygii,Perciformes,Carangidae,Pseudocaranx,NA,"Pseudocaranx Bleeker, 1863",Pseudocaranx,ACCEPTED,85,EXACT,2019-02-04T16:35:04Z
6479380,SPECIES,Pseudoceros lividus,Pseudoceros lividus,Animalia,Platyhelminthes,Rhabditophora,Polycladida,Pseudocerotidae,Pseudoceros,Pseudoceros lividus,"Pseudoceros lividus Prudhoe, 1982",Pseudoceros lividus,ACCEPTED,100,EXACT,2019-02-04T16:35:04Z
2271988,SPECIES,Pseudonepanthia troughtoni,Pseudonepanthia troughtoni,Animalia,Echinodermata,Asteroidea,Valvatida,Asterinidae,Pseudonepanthia,Pseudonepanthia troughtoni,"Pseudonepanthia troughtoni (Livingstone, 1934)",Pseudonepanthia troughtoni,ACCEPTED,100,EXACT,2019-02-04T16:35:05Z
2292218,SPECIES,Pteraeolidia ianthina,Pteraeolidia ianthina,Animalia,Mollusca,Gastropoda,Nudibranchia,Facelinidae,Pteraeolidia,Pteraeolidia ianthina,"Pteraeolidia ianthina (Angas, 1864)",Pteraeolidia ianthina,ACCEPTED,100,EXACT,2019-02-04T16:35:05Z
4366080,SPECIES,Pterochelus triformis,Pterynotus triformis,Animalia,Mollusca,Gastropoda,Neogastropoda,Muricidae,Pterochelus,Pterochelus triformis,"Pterochelus triformis (Reeve, 1845)",Pterochelus triformis,ACCEPTED,NA,Synonym,2019-02-04T16:35:06Z
4874015,SPECIES,Ptilometra macronema,Ptilometra macronema,Animalia,Echinodermata,Crinoidea,Comatulida,Ptilometridae,Ptilometra,Ptilometra macronema,"Ptilometra macronema (Müller, 1846)",Ptilometra macronema,ACCEPTED,100,EXACT,2019-02-04T16:35:07Z
2300813,SPECIES,Ranella australasia,Ranella australasia,Animalia,Mollusca,Gastropoda,Littorinimorpha,Ranellidae,Ranella,Ranella australasia,"Ranella australasia (Perry, 1811)",Ranella australasia,ACCEPTED,100,EXACT,2019-02-04T16:35:07Z
4647818,SPECIES,Rhynchocinetes australis,Rhynchocinetes australis,Animalia,Arthropoda,Malacostraca,Decapoda,Rhynchocinetidae,Rhynchocinetes,Rhynchocinetes australis,"Rhynchocinetes australis Hale, 1941",Rhynchocinetes australis,ACCEPTED,100,EXACT,2019-02-04T16:35:07Z
4599881,SPECIES,Sagaminopteron ornatum,Sagaminopteron ornatum,Animalia,Mollusca,Gastropoda,Cephalaspidea,Gastropteridae,Sagaminopteron,Sagaminopteron ornatum,"Sagaminopteron ornatum Tokioka & Baba, 1964",Sagaminopteron ornatum,ACCEPTED,100,EXACT,2019-02-04T16:35:08Z
2226536,SPECIES,Schizophrys aspera,Schizophrys aspera,Animalia,Arthropoda,Malacostraca,Decapoda,Ocypodidae,Schizophrys,Schizophrys aspera,"Schizophrys aspera Milne-Edwards, 1834",Schizophrys aspera,ACCEPTED,100,EXACT,2019-02-04T16:35:08Z
4645460,SPECIES,Schizophrys rufescens,Schizophrys rufescens,Animalia,Arthropoda,Malacostraca,Decapoda,Ocypodidae,Schizophrys,Schizophrys rufescens,"Schizophrys rufescens Griffin & Tranter, 1986",Schizophrys rufescens,ACCEPTED,100,EXACT,2019-02-04T16:35:09Z
2406906,SPECIES,Scobinichthys granulatus,Scobinichthys granulatus,Animalia,Chordata,Actinopterygii,Tetraodontiformes,Monacanthidae,Scobinichthys,Scobinichthys granulatus,"Scobinichthys granulatus (White, 1790)",Scobinichthys granulatus,ACCEPTED,100,EXACT,2019-02-04T16:35:09Z
2334593,SPECIES,Scorpaena papillosa,Scorpaena papillosa,Animalia,Chordata,Actinopterygii,Scorpaeniformes,Scorpaenidae,Scorpaena,Scorpaena papillosa,"Scorpaena papillosa (Schneider & Forster, 1801)",Scorpaena papillosa,ACCEPTED,100,EXACT,2019-02-04T16:35:10Z
1,KINGDOM,Animalia,Scorpaenid spp.,Animalia,NA,NA,NA,NA,NA,NA,Animalia,Animalia,ACCEPTED,99,HIGHERRANK,2019-02-04T16:35:10Z
2381256,SPECIES,Scorpis aequipinnis,Scorpis aequipinnis,Animalia,Chordata,Actinopterygii,Perciformes,Kyphosidae,Scorpis,Scorpis aequipinnis,"Scorpis aequipinnis Richardson, 1848",Scorpis aequipinnis,ACCEPTED,100,EXACT,2019-02-04T16:35:11Z
4840333,SPECIES,Scorpis georgiana,Scorpis georgiana,Animalia,Chordata,Actinopterygii,Perciformes,Kyphosidae,Scorpis,Scorpis georgiana,"Scorpis georgiana Valenciennes, 1832",Scorpis georgiana,ACCEPTED,100,EXACT,2019-02-04T16:35:11Z
2381262,SPECIES,Scorpis lineolata,Scorpis lineolata,Animalia,Chordata,Actinopterygii,Perciformes,Kyphosidae,Scorpis,Scorpis lineolata,"Scorpis lineolata Kner, 1865",Scorpis lineolata,ACCEPTED,100,EXACT,2019-02-04T16:35:12Z
4616967,SPECIES,Scutus antipodes,Scutus antipodes,Animalia,Mollusca,Gastropoda,Lepetellida,Fissurellidae,Scutus,Scutus antipodes,"Scutus antipodes Montfort, 1810",Scutus antipodes,ACCEPTED,100,EXACT,2019-02-04T16:35:12Z
2290770,SPECIES,Sepia apama,Sepia apama,Animalia,Mollusca,Cephalopoda,Sepiida,Sepiidae,Sepia,Sepia apama,"Sepia apama Gray, 1849",Sepia apama,ACCEPTED,100,EXACT,2019-02-04T16:35:13Z
2290435,SPECIES,Sepioteuthis australis,Sepioteuthis australis,Animalia,Mollusca,Cephalopoda,Myopsida,Loliginidae,Sepioteuthis,Sepioteuthis australis,"Sepioteuthis australis Quoy & Gaimard, 1833",Sepioteuthis australis,ACCEPTED,100,EXACT,2019-02-04T16:35:13Z
2290197,GENUS,Sepioteuthis,Sepioteuthis spp.,Animalia,Mollusca,Cephalopoda,Myopsida,Loliginidae,Sepioteuthis,NA,"Sepioteuthis de Blainville, 1824",Sepioteuthis,ACCEPTED,85,EXACT,2019-02-04T16:35:13Z
5961708,SPECIES,Seriola lalandi,Seriola lalandi,Animalia,Chordata,Actinopterygii,Perciformes,Carangidae,Seriola,Seriola lalandi,"Seriola lalandi Valenciennes, 1833",Seriola lalandi,ACCEPTED,100,EXACT,2019-02-04T16:35:14Z
1,KINGDOM,Animalia,Sillaginid spp.,Animalia,NA,NA,NA,NA,NA,NA,Animalia,Animalia,ACCEPTED,99,HIGHERRANK,2019-02-04T16:35:14Z
2391982,SPECIES,Sillaginodes punctatus,Sillaginodes punctatus,Animalia,Chordata,Actinopterygii,Perciformes,Sillaginidae,Sillaginodes,Sillaginodes punctatus,"Sillaginodes punctatus (Cuvier, 1829)",Sillaginodes punctatus,ACCEPTED,100,EXACT,2019-02-04T16:35:15Z
2397498,SPECIES,Siphamia cephalotes,Siphamia cephalotes,Animalia,Chordata,Actinopterygii,Perciformes,Apogonidae,Siphamia,Siphamia cephalotes,"Siphamia cephalotes (Castelnau, 1875)",Siphamia cephalotes,ACCEPTED,100,EXACT,2019-02-04T16:35:15Z
5210078,SPECIES,Siphonognathus attenuatus,Siphonognathus attenuatus,Animalia,Chordata,Actinopterygii,Perciformes,Odacidae,Siphonognathus,Siphonognathus attenuatus,"Siphonognathus attenuatus (Ogilby, 1897)",Siphonognathus attenuatus,ACCEPTED,100,EXACT,2019-02-04T16:35:16Z
5210076,SPECIES,Siphonognathus beddomei,Siphonognathus beddomei,Animalia,Chordata,Actinopterygii,Perciformes,Odacidae,Siphonognathus,Siphonognathus beddomei,"Siphonognathus beddomei (Johnston, 1885)",Siphonognathus beddomei,ACCEPTED,100,EXACT,2019-02-04T16:35:16Z
5210080,SPECIES,Siphonognathus caninis,Siphonognathus caninis,Animalia,Chordata,Actinopterygii,Perciformes,Odacidae,Siphonognathus,Siphonognathus caninis,"Siphonognathus caninis (Scott, 1976)",Siphonognathus caninis,ACCEPTED,100,EXACT,2019-02-04T16:35:17Z
5210079,SPECIES,Siphonognathus radiatus,Siphonognathus radiatus,Animalia,Chordata,Actinopterygii,Perciformes,Odacidae,Siphonognathus,Siphonognathus radiatus,"Siphonognathus radiatus (Quoy & Gaimard, 1834)",Siphonognathus radiatus,ACCEPTED,100,EXACT,2019-02-04T16:35:17Z
2274119,SPECIES,Smilasterias irregularis,Smilasterias irregularis,Animalia,Echinodermata,Asteroidea,Forcipulatida,Stichasteridae,Smilasterias,Smilasterias irregularis,"Smilasterias irregularis H.L.Clark, 1928",Smilasterias irregularis,ACCEPTED,100,EXACT,2019-02-04T16:35:18Z
2394253,SPECIES,Sphyraena novaehollandiae,Sphyraena novaehollandiae,Animalia,Chordata,Actinopterygii,Perciformes,Sphyraenidae,Sphyraena,Sphyraena novaehollandiae,"Sphyraena novaehollandiae Günther, 1860",Sphyraena novaehollandiae,ACCEPTED,100,EXACT,2019-02-04T16:35:18Z
4343248,SPECIES,Stichopus ludwigi,Stichopus ludwigi,Animalia,Echinodermata,Holothuroidea,Synallactida,Stichopodidae,Stichopus,Stichopus ludwigi,"Stichopus ludwigi Erwe, 1913",Stichopus ludwigi,ACCEPTED,100,EXACT,2019-02-04T16:35:19Z
2332642,GENUS,Stigmatopora,Stigmatopora spp.,Animalia,Chordata,Actinopterygii,Syngnathiformes,Syngnathidae,Stigmatopora,NA,"Stigmatopora Kaup, 1853",Stigmatopora,ACCEPTED,83,EXACT,2019-02-04T16:35:19Z
4311919,SPECIES,Strigopagurus strigimanus,Strigopagurus strigimanus,Animalia,Arthropoda,Malacostraca,Decapoda,Diogenidae,Strigopagurus,Strigopagurus strigimanus,"Strigopagurus strigimanus (White, 1847)",Strigopagurus strigimanus,ACCEPTED,100,EXACT,2019-02-04T16:35:19Z
2417568,SPECIES,Sutorectus tentaculatus,Sutorectus tentaculatus,Animalia,Chordata,Elasmobranchii,Orectolobiformes,Orectolobidae,Sutorectus,Sutorectus tentaculatus,"Sutorectus tentaculatus (Peters, 1864)",Sutorectus tentaculatus,ACCEPTED,100,EXACT,2019-02-04T16:35:20Z
2407627,SPECIES,Tetractenos glaber,Tetractenos glaber,Animalia,Chordata,Actinopterygii,Tetraodontiformes,Tetraodontidae,Tetractenos,Tetractenos glaber,"Tetractenos glaber (Fréminville, 1813)",Tetractenos glaber,ACCEPTED,100,EXACT,2019-02-04T16:35:20Z
5961802,SPECIES,Chironemus maculosus,Threpterius maculosus,Animalia,Chordata,Actinopterygii,Perciformes,Chironemidae,Chironemus,Chironemus maculosus,"Chironemus maculosus (Richardson, 1850)",Chironemus maculosus,ACCEPTED,NA,Synonym,2019-02-04T16:35:21Z
5721426,SPECIES,Thyone okeni,Thyone okeni,Animalia,Echinodermata,Holothuroidea,Dendrochirotida,Phyllophoridae,Thyone,Thyone okeni,"Thyone okeni Bell, 1884",Thyone okeni,ACCEPTED,100,EXACT,2019-02-04T16:35:22Z
2335614,SPECIES,Thysanophrys cirronasa,Thysanophrys cirronasa,Animalia,Chordata,Actinopterygii,Scorpaeniformes,Platycephalidae,Thysanophrys,Thysanophrys cirronasa,"Thysanophrys cirronasa (Richardson, 1848)",Thysanophrys cirronasa,ACCEPTED,100,EXACT,2019-02-04T16:35:22Z
2335614,SPECIES,Thysanophrys cirronasa,Thysanophrys cirronasus,Animalia,Chordata,Actinopterygii,Scorpaeniformes,Platycephalidae,Thysanophrys,Thysanophrys cirronasa,"Thysanophrys cirronasa (Richardson, 1848)",Thysanophrys cirronasa,ACCEPTED,97,FUZZY,2019-02-04T16:35:23Z
2381209,SPECIES,Tilodon sexfasciatus,Tilodon sexfasciatus,Animalia,Chordata,Actinopterygii,Perciformes,Kyphosidae,Tilodon,Tilodon sexfasciatus,"Tilodon sexfasciatus (Richardson, 1842)",Tilodon sexfasciatus,ACCEPTED,100,EXACT,2019-02-04T16:35:23Z
2407280,SPECIES,Torquigener pleurogramma,Torquigener pleurogramma,Animalia,Chordata,Actinopterygii,Tetraodontiformes,Tetraodontidae,Torquigener,Torquigener pleurogramma,"Torquigener pleurogramma (Regan, 1903)",Torquigener pleurogramma,ACCEPTED,100,EXACT,2019-02-04T16:35:24Z
2271555,SPECIES,Tosia australis,Tosia australis,Animalia,Echinodermata,Asteroidea,Valvatida,Goniasteridae,Tosia,Tosia australis,"Tosia australis Gray, 1840",Tosia australis,ACCEPTED,100,EXACT,2019-02-04T16:35:24Z
2271544,SPECIES,Tosia magnifica,Tosia magnifica,Animalia,Echinodermata,Asteroidea,Valvatida,Goniasteridae,Tosia,Tosia magnifica,"Tosia magnifica (Müller & Troschel, 1842)",Tosia magnifica,ACCEPTED,100,EXACT,2019-02-04T16:35:25Z
2357078,SPECIES,Trachichthys australis,Trachichthys australis,Animalia,Chordata,Actinopterygii,Beryciformes,Trachichthyidae,Trachichthys,Trachichthys australis,"Trachichthys australis Shaw, 1799",Trachichthys australis,ACCEPTED,100,EXACT,2019-02-04T16:35:25Z
2389723,SPECIES,Trachinops caudimaculatus,Trachinops caudimaculatus,Animalia,Chordata,Actinopterygii,Perciformes,Plesiopidae,Trachinops,Trachinops caudimaculatus,"Trachinops caudimaculatus McCoy, 1890",Trachinops caudimaculatus,ACCEPTED,100,EXACT,2019-02-04T16:35:25Z
2389722,SPECIES,Trachinops noarlungae,Trachinops noarlungae,Animalia,Chordata,Actinopterygii,Perciformes,Plesiopidae,Trachinops,Trachinops noarlungae,"Trachinops noarlungae Glover, 1974",Trachinops noarlungae,ACCEPTED,100,EXACT,2019-02-04T16:35:26Z
5210479,SPECIES,Trachurus novaezelandiae,Trachurus novaezelandiae,Animalia,Chordata,Actinopterygii,Perciformes,Carangidae,Trachurus,Trachurus novaezelandiae,"Trachurus novaezelandiae Richardson, 1843",Trachurus novaezelandiae,ACCEPTED,100,EXACT,2019-02-04T16:35:26Z
2393102,SPECIES,Trianectes bucephalus,Trianectes bucephalus,Animalia,Chordata,Actinopterygii,Perciformes,Tripterygiidae,Trianectes,Trianectes bucephalus,"Trianectes bucephalus McCulloch & Waite, 1918",Trianectes bucephalus,ACCEPTED,100,EXACT,2019-02-04T16:35:27Z
2392721,SPECIES,Trinorfolkia clarkei,Trinorfolkia clarkei,Animalia,Chordata,Actinopterygii,Perciformes,Tripterygiidae,Trinorfolkia,Trinorfolkia clarkei,"Trinorfolkia clarkei (Morton, 1888)",Trinorfolkia clarkei,ACCEPTED,100,EXACT,2019-02-04T16:35:27Z
2392719,SPECIES,Trinorfolkia cristata,Trinorfolkia cristata,Animalia,Chordata,Actinopterygii,Perciformes,Tripterygiidae,Trinorfolkia,Trinorfolkia cristata,"Trinorfolkia cristata (Kuiter, 1986)",Trinorfolkia cristata,ACCEPTED,100,EXACT,2019-02-04T16:35:28Z
1,KINGDOM,Animalia,Tripterygiid spp.,Animalia,NA,NA,NA,NA,NA,NA,Animalia,Animalia,ACCEPTED,99,HIGHERRANK,2019-02-04T16:35:28Z
2419095,SPECIES,Trygonorrhina fasciata,Trygonorrhina fasciata,Animalia,Chordata,Elasmobranchii,Rhinopristiformes,Rhinobatidae,Trygonorrhina,Trygonorrhina fasciata,"Trygonorrhina fasciata Müller & Henle, 1841",Trygonorrhina fasciata,ACCEPTED,100,EXACT,2019-02-04T16:35:29Z
4614753,SPECIES,Turbo jourdani,Turbo jourdani,Animalia,Mollusca,Gastropoda,Trochida,Turbinidae,Turbo,Turbo jourdani,"Turbo jourdani Kiener, 1839",Turbo jourdani,ACCEPTED,100,EXACT,2019-02-04T16:35:29Z
5859931,SPECIES,Lunella torquata,Turbo torquatus,Animalia,Mollusca,Gastropoda,Trochida,Turbinidae,Lunella,Lunella torquata,"Lunella torquata (Gmelin, 1791)",Lunella torquata,ACCEPTED,NA,Synonym,2019-02-04T16:35:30Z
5859934,SPECIES,Lunella undulata,Turbo undulatus,Animalia,Mollusca,Gastropoda,Trochida,Turbinidae,Lunella,Lunella undulata,"Lunella undulata (Lightfoot, 1786)",Lunella undulata,ACCEPTED,NA,Synonym,2019-02-04T16:35:31Z
4607209,SPECIES,Tylodina corticalis,Tylodina corticalis,Animalia,Mollusca,Gastropoda,Umbraculida,Tylodinidae,Tylodina,Tylodina corticalis,"Tylodina corticalis (Tate, 1889)",Tylodina corticalis,ACCEPTED,100,EXACT,2019-02-04T16:35:31Z
1,KINGDOM,Animalia,Unidentified crab,Animalia,NA,NA,NA,NA,NA,NA,Animalia,Animalia,ACCEPTED,99,HIGHERRANK,2019-02-04T16:35:32Z
1,KINGDOM,Animalia,Unidentified crab (decorator),Animalia,NA,NA,NA,NA,NA,NA,Animalia,Animalia,ACCEPTED,99,HIGHERRANK,2019-02-04T16:35:32Z
1,KINGDOM,Animalia,Unidentified fish,Animalia,NA,NA,NA,NA,NA,NA,Animalia,Animalia,ACCEPTED,99,HIGHERRANK,2019-02-04T16:35:33Z
1,KINGDOM,Animalia,Unidentified fish (cryptic),Animalia,NA,NA,NA,NA,NA,NA,Animalia,Animalia,ACCEPTED,99,HIGHERRANK,2019-02-04T16:35:33Z
1,KINGDOM,Animalia,Unidentified nudibranch,Animalia,NA,NA,NA,NA,NA,NA,Animalia,Animalia,ACCEPTED,99,HIGHERRANK,2019-02-04T16:35:34Z
2274334,SPECIES,Uniophora granifera,Uniophora granifera,Animalia,Echinodermata,Asteroidea,Forcipulatida,Asteriidae,Uniophora,Uniophora granifera,"Uniophora granifera (Lamarck, 1816)",Uniophora granifera,ACCEPTED,100,EXACT,2019-02-04T16:35:34Z
2274346,SPECIES,Uniophora nuda,Uniophora nuda,Animalia,Echinodermata,Asteroidea,Forcipulatida,Asteriidae,Uniophora,Uniophora nuda,"Uniophora nuda (Perrier, 1875)",Uniophora nuda,ACCEPTED,100,EXACT,2019-02-04T16:35:34Z
2396829,SPECIES,Upeneichthys vlamingii,Upeneichthys vlamingii,Animalia,Chordata,Actinopterygii,Perciformes,Mullidae,Upeneichthys,Upeneichthys vlamingii,"Upeneichthys vlamingii (Cuvier, 1829)",Upeneichthys vlamingii,ACCEPTED,100,EXACT,2019-02-04T16:35:35Z
2419402,SPECIES,Urolophus gigas,Urolophus gigas,Animalia,Chordata,Elasmobranchii,Myliobatiformes,Urolophidae,Urolophus,Urolophus gigas,"Urolophus gigas Scott, 1954",Urolophus gigas,ACCEPTED,100,EXACT,2019-02-04T16:35:35Z
2419404,SPECIES,Urolophus orarius,Urolophus orarius,Animalia,Chordata,Elasmobranchii,Myliobatiformes,Urolophidae,Urolophus,Urolophus orarius,"Urolophus orarius Last & Gomon, 1987",Urolophus orarius,ACCEPTED,100,EXACT,2019-02-04T16:35:36Z
5211548,SPECIES,Vincentia conspersa,Vincentia conspersa,Animalia,Chordata,Actinopterygii,Perciformes,Apogonidae,Vincentia,Vincentia conspersa,"Vincentia conspersa (Klunzinger, 1872)",Vincentia conspersa,ACCEPTED,100,EXACT,2019-02-04T16:35:36Z
4360971,SPECIES,Zoila friendii,Zoila friendii,Animalia,Mollusca,Gastropoda,Littorinimorpha,Cypraeidae,Zoila,Zoila friendii,"Zoila friendii (J.E.Gray, 1831)",Zoila friendii,ACCEPTED,100,EXACT,2019-02-04T16:35:37Z
